date,NO2_reading
2014-01-01,7469071610000000.0
2014-01-02,5934146400000000.0
2014-01-03,1.46665585e+16
2014-01-04,1.41021643e+16
2014-01-06,9111511130000000.0
2014-01-08,9322838550000000.0
2014-01-11,6934278920000000.0
2014-01-12,8285340340000000.0
2014-01-15,7031537920000000.0
2014-01-17,6952945920000000.0
2014-01-18,8963846930000000.0
2014-01-19,6518484210000000.0
2014-01-20,1.08176858e+16
2014-01-22,8825599450000000.0
2014-01-24,5948172150000000.0
2014-01-25,1.35533889e+16
2014-01-26,9655257210000000.0
2014-01-27,5616070250000000.0
2014-01-28,6303355210000000.0
2014-01-29,7490853000000000.0
2014-01-31,6226706150000000.0
2014-02-02,5396651100000000.0
2014-02-03,6338783320000000.0
2014-02-07,5527607340000000.0
2014-02-11,5572576720000000.0
2014-02-14,5704362960000000.0
2014-02-20,7537833500000000.0
2014-02-21,7483555310000000.0
2014-02-23,8026229260000000.0
2014-02-25,8286614340000000.0
2014-02-27,6674582650000000.0
2014-02-28,8033991880000000.0
2014-03-02,7990402250000000.0
2014-03-09,5091221480000000.0
2014-03-13,8912607970000000.0
2014-03-15,1.01569072e+16
2014-03-16,2517923240000000.0
2014-03-17,1.10382335e+16
2014-03-18,1.53965011e+16
2014-03-19,8406647940000000.0
2014-03-22,7004116700000000.0
2014-03-23,8485456290000000.0
2014-03-24,9161212490000000.0
2014-03-25,9965311970000000.0
2014-03-26,9299283870000000.0
2014-03-27,6783341960000000.0
2014-03-29,7641170950000000.0
2014-04-01,5577888520000000.0
2014-04-05,9806448650000000.0
2014-04-08,1.0633887e+16
2014-04-09,1.13320629e+16
2014-04-10,8894801570000000.0
2014-04-11,8147974940000000.0
2014-04-12,8077506340000000.0
2014-04-14,4518392030000000.0
2014-04-15,8325431720000000.0
2014-04-16,7225479320000000.0
2014-04-17,7304155600000000.0
2014-04-18,1.07636175e+16
2014-04-19,9608291740000000.0
2014-04-21,7832182100000000.0
2014-04-24,3985670060000000.0
2014-04-27,1.23217619e+16
2014-04-28,6366534710000000.0
2014-05-01,3918902380000000.0
2014-05-02,5297824440000000.0
2014-05-03,5176647850000000.0
2014-05-11,2952971210000000.0
2014-05-12,2142498800000000.0
2014-05-13,4376809510000000.0
2014-05-14,6054687870000000.0
2014-05-19,5067759150000000.0
2014-05-20,6202358510000000.0
2014-05-25,5563088070000000.0
2014-05-26,3858681030000000.0
2014-05-27,6184163960000000.0
2014-05-28,5382187800000000.0
2014-05-30,4034935750000000.0
2014-06-01,5917058330000000.0
2014-06-02,6257959010000000.0
2014-06-03,6383456880000000.0
2014-06-04,5868495670000000.0
2014-06-05,6397097160000000.0
2014-06-08,5055348310000000.0
2014-06-10,5348034220000000.0
2014-06-11,5693738290000000.0
2014-06-12,6689384720000000.0
2014-06-13,5760788630000000.0
2014-06-14,5897576360000000.0
2014-06-17,5742952710000000.0
2014-06-18,7328785630000000.0
2014-06-19,5214599250000000.0
2014-06-20,5502263810000000.0
2014-06-21,5389900490000000.0
2014-06-22,6210391710000000.0
2014-06-23,4985926070000000.0
2014-06-24,6124564850000000.0
2014-06-26,4862928400000000.0
2014-06-27,5509220050000000.0
2014-06-28,6851634090000000.0
2014-06-29,4580107490000000.0
2014-06-30,5548905010000000.0
2014-07-01,4935111230000000.0
2014-07-03,6101598580000000.0
2014-07-04,4937864840000000.0
2014-07-05,5200065620000000.0
2014-07-06,5559846440000000.0
2014-07-07,6261784760000000.0
2014-07-08,6183526160000000.0
2014-07-10,5485145150000000.0
2014-07-12,5210155570000000.0
2014-07-13,5416570620000000.0
2014-07-14,6989768830000000.0
2014-07-15,6791382680000000.0
2014-07-16,5948645130000000.0
2014-07-17,5121859100000000.0
2014-07-19,6350594480000000.0
2014-07-20,5886140470000000.0
2014-07-21,6057045810000000.0
2014-07-22,4705604290000000.0
2014-07-25,5167627880000000.0
2014-07-26,5756602650000000.0
2014-07-28,5769347960000000.0
2014-07-29,4915519200000000.0
2014-07-30,5508121070000000.0
2014-07-31,5563877800000000.0
2014-08-01,6560454630000000.0
2014-08-02,6654620720000000.0
2014-08-04,5142201670000000.0
2014-08-05,5081406410000000.0
2014-08-06,5802160440000000.0
2014-08-07,5997807480000000.0
2014-08-08,6829032900000000.0
2014-08-09,6692447570000000.0
2014-08-11,5938710870000000.0
2014-08-14,4996389140000000.0
2014-08-15,5248026980000000.0
2014-08-16,5604500680000000.0
2014-08-17,6172414540000000.0
2014-08-18,4843763720000000.0
2014-08-20,5559770200000000.0
2014-08-21,6198238570000000.0
2014-08-22,5851926230000000.0
2014-08-23,5066377780000000.0
2014-08-24,5242545530000000.0
2014-08-25,6017962150000000.0
2014-08-26,4909992120000000.0
2014-08-27,4983874140000000.0
2014-08-29,7430591390000000.0
2014-08-30,5510716840000000.0
2014-08-31,4669916330000000.0
2014-09-01,6638113550000000.0
2014-09-02,7160164140000000.0
2014-09-03,7013188210000000.0
2014-09-05,6199831460000000.0
2014-09-06,5982101850000000.0
2014-09-07,5750893560000000.0
2014-09-08,5031274480000000.0
2014-09-09,5712418710000000.0
2014-09-10,6709398730000000.0
2014-09-12,5937289240000000.0
2014-09-14,4807623720000000.0
2014-09-15,4641904550000000.0
2014-09-16,3681388000000000.0
2014-09-17,5306749920000000.0
2014-09-18,5991673730000000.0
2014-09-19,4949569700000000.0
2014-09-23,5123158860000000.0
2014-09-24,5642503620000000.0
2014-09-25,7381745260000000.0
2014-09-26,5628922930000000.0
2014-09-27,4944635320000000.0
2014-09-28,5644751500000000.0
2014-09-30,4735919780000000.0
2014-10-01,6711951550000000.0
2014-10-02,7349556090000000.0
2014-10-03,5914463630000000.0
2014-10-05,5998085040000000.0
2014-10-07,6508218170000000.0
2014-10-09,5212464650000000.0
2014-10-10,5359623120000000.0
2014-10-12,7574413200000000.0
2014-10-14,6445547080000000.0
2014-10-16,6045742530000000.0
2014-10-17,5050257160000000.0
2014-10-18,6419148600000000.0
2014-10-19,5842568570000000.0
2014-10-21,7365846360000000.0
2014-10-23,6142820070000000.0
2014-10-25,5304874090000000.0
2014-10-26,3132617080000000.0
2014-10-28,6568537230000000.0
2014-10-30,4307206340000000.0
2014-11-01,4679873140000000.0
2014-11-02,6316054890000000.0
2014-11-03,5956685850000000.0
2014-11-04,7189513260000000.0
2014-11-06,8953497130000000.0
2014-11-10,3945510770000000.0
2014-11-11,1.00203004e+16
2014-11-18,7600734370000000.0
2014-11-19,8405985970000000.0
2014-11-20,7518430980000000.0
2014-11-22,6970923580000000.0
2014-11-24,8311725940000000.0
2014-11-26,8460901430000000.0
2014-11-27,3715217310000000.0
2014-11-29,2679360050000000.0
2014-12-04,7050515770000000.0
2014-12-05,8113518570000000.0
2014-12-06,9918859750000000.0
2014-12-08,6414568020000000.0
2014-12-10,3899787620000000.0
2014-12-12,8880047820000000.0
2014-12-13,1.21212986e+16
2014-12-17,8747135760000000.0
2014-12-20,6992644840000000.0
2014-12-21,8493930800000000.0
2014-12-22,8465869630000000.0
2014-12-24,1.25598351e+16
2014-12-29,5667194310000000.0
2014-12-31,8955574820000000.0
2015-01-02,8146947370000000.0
2015-01-04,6697079150000000.0
2015-01-06,1.267482e+16
2015-01-09,1.0487332e+16
2015-01-14,5352896660000000.0
2015-01-16,8513665640000000.0
2015-01-18,8232931000000000.0
2015-01-20,5946759640000000.0
2015-01-21,9176480020000000.0
2015-01-22,7629128930000000.0
2015-01-23,6784623470000000.0
2015-01-29,6149918570000000.0
2015-02-03,7589891190000000.0
2015-02-05,3806481870000000.0
2015-02-06,8120143020000000.0
2015-02-08,3398155040000000.0
2015-02-10,8305828950000000.0
2015-02-12,5268842000000000.0
2015-02-14,6150670730000000.0
2015-02-15,6360351030000000.0
2015-02-17,6365331050000000.0
2015-02-19,6748643460000000.0
2015-02-22,7807189150000000.0
2015-02-24,7572692530000000.0
2015-02-26,6484831000000000.0
2015-02-28,3849820510000000.0
2015-03-02,6842980270000000.0
2015-03-03,8105089690000000.0
2015-03-09,4537333910000000.0
2015-03-14,1.19187554e+16
2015-03-18,6078871760000000.0
2015-03-19,8186233440000000.0
2015-03-20,7915019670000000.0
2015-03-21,8151177910000000.0
2015-03-27,9982534790000000.0
2015-03-28,7810179520000000.0
2015-03-29,8832215310000000.0
2015-03-30,1.07716362e+16
2015-04-01,6002587770000000.0
2015-04-02,4655892190000000.0
2015-04-03,6442456850000000.0
2015-04-04,5845893410000000.0
2015-04-05,6477714770000000.0
2015-04-06,5338997610000000.0
2015-04-12,5623065140000000.0
2015-04-13,5809393700000000.0
2015-04-14,6574132490000000.0
2015-04-15,8526946750000000.0
2015-04-17,6192534310000000.0
2015-04-20,2314653440000000.0
2015-04-22,7981384970000000.0
2015-04-24,3775198410000000.0
2015-04-26,4331858110000000.0
2015-04-27,6484894880000000.0
2015-04-28,5807818520000000.0
2015-04-29,4836537980000000.0
2015-04-30,6897133360000000.0
2015-05-03,5744820480000000.0
2015-05-06,6184008270000000.0
2015-05-07,5245511200000000.0
2015-05-08,3682087540000000.0
2015-05-12,5456164320000000.0
2015-05-13,5092201270000000.0
2015-05-14,5660709450000000.0
2015-05-15,5939261170000000.0
2015-05-16,6108364770000000.0
2015-05-17,3828656250000000.0
2015-05-19,2861528400000000.0
2015-05-28,4516368030000000.0
2015-05-29,4840356200000000.0
2015-05-30,5149025840000000.0
2015-05-31,6012892470000000.0
2015-06-01,4995548400000000.0
2015-06-02,4211524400000000.0
2015-06-07,4401062920000000.0
2015-06-08,5910483810000000.0
2015-06-09,5253715130000000.0
2015-06-10,5775650830000000.0
2015-06-11,5153125920000000.0
2015-06-13,5216688750000000.0
2015-06-14,4915040850000000.0
2015-06-15,4433475430000000.0
2015-06-16,4754219560000000.0
2015-06-17,5997088610000000.0
2015-06-18,5945464170000000.0
2015-06-20,4789189720000000.0
2015-06-21,4883885160000000.0
2015-06-22,3877182410000000.0
2015-06-23,4086537900000000.0
2015-06-24,4424140580000000.0
2015-06-25,5313275590000000.0
2015-06-27,4682400730000000.0
2015-06-29,4456886490000000.0
2015-06-30,4635920050000000.0
2015-07-01,5906152870000000.0
2015-07-02,6725315340000000.0
2015-07-03,5458265630000000.0
2015-07-04,5345120090000000.0
2015-07-07,5415519430000000.0
2015-07-09,3796527210000000.0
2015-07-10,5216090140000000.0
2015-07-11,5381744880000000.0
2015-07-12,4492037840000000.0
2015-07-13,6627861460000000.0
2015-07-15,5667020370000000.0
2015-07-16,5535860660000000.0
2015-07-17,4634020600000000.0
2015-07-18,5588479380000000.0
2015-07-19,4771961530000000.0
2015-07-24,3820245630000000.0
2015-07-25,4620210670000000.0
2015-07-26,4269811400000000.0
2015-07-27,5339203770000000.0
2015-07-29,5154692510000000.0
2015-07-31,5240139270000000.0
2015-08-01,5620236360000000.0
2015-08-02,6036067580000000.0
2015-08-03,6955494990000000.0
2015-08-04,7116293730000000.0
2015-08-05,6453939980000000.0
2015-08-07,4591956770000000.0
2015-08-10,3701168200000000.0
2015-08-11,5182787500000000.0
2015-08-12,6218168290000000.0
2015-08-13,7570640610000000.0
2015-08-14,8947144340000000.0
2015-08-16,4883492710000000.0
2015-08-17,4804129760000000.0
2015-08-19,4275933070000000.0
2015-08-20,5084151430000000.0
2015-08-21,4804958160000000.0
2015-08-23,5242486470000000.0
2015-08-24,4288193860000000.0
2015-08-25,5719911280000000.0
2015-08-26,5232088360000000.0
2015-08-27,9623346670000000.0
2015-09-02,4202020180000000.0
2015-09-03,6373963400000000.0
2015-09-04,6702689450000000.0
2015-09-05,6535001580000000.0
2015-09-06,6853951760000000.0
2015-09-08,6189696410000000.0
2015-09-09,6206191770000000.0
2015-09-10,6384067840000000.0
2015-09-11,5607197920000000.0
2015-09-12,5422766650000000.0
2015-09-13,7651564230000000.0
2015-09-14,4952561690000000.0
2015-09-15,4664541180000000.0
2015-09-17,4987035240000000.0
2015-09-18,5343643150000000.0
2015-09-19,4568274860000000.0
2015-09-22,5855401390000000.0
2015-09-24,5910558970000000.0
2015-09-25,8067466850000000.0
2015-09-26,4227837230000000.0
2015-09-27,4718687830000000.0
2015-10-01,7937805010000000.0
2015-10-03,5730861840000000.0
2015-10-04,5180103680000000.0
2015-10-05,5589196630000000.0
2015-10-06,5662465560000000.0
2015-10-08,9255948730000000.0
2015-10-12,6864393900000000.0
2015-10-13,7435923590000000.0
2015-10-15,6858551670000000.0
2015-10-17,6203454800000000.0
2015-10-21,5394553550000000.0
2015-10-22,5569833850000000.0
2015-10-24,4728886230000000.0
2015-10-26,6292446530000000.0
2015-10-29,9404697400000000.0
2015-11-02,4269418680000000.0
2015-11-04,6666631590000000.0
2015-11-05,6627158700000000.0
2015-11-06,4800251410000000.0
2015-11-07,7795976060000000.0
2015-11-09,1.19321407e+16
2015-11-13,8819894120000000.0
2015-11-14,5108292900000000.0
2015-11-16,8115950050000000.0
2015-11-18,7719293720000000.0
2015-11-20,5461997960000000.0
2015-11-21,6555675950000000.0
2015-11-22,7972965220000000.0
2015-11-23,6165838940000000.0
2015-11-25,8742607790000000.0
2015-11-27,7046763040000000.0
2015-11-29,8643945950000000.0
2015-11-30,8124919020000000.0
2015-12-02,1.53077305e+16
2015-12-07,-732921271000000.0
2015-12-08,8267380940000000.0
2015-12-11,1.60153253e+16
2015-12-13,7123590880000000.0
2015-12-16,1.24817333e+16
2015-12-18,8422869490000000.0
2015-12-25,1.62667344e+16
2015-12-31,8002239180000000.0
2016-01-01,7553687830000000.0
2016-01-07,6246128530000000.0
2016-01-08,1.91772137e+16
2016-01-09,1.00094911e+16
2016-01-12,8230831300000000.0
2016-01-14,4353611320000000.0
2016-01-19,1.51811815e+16
2016-01-25,6611023580000000.0
2016-01-26,3671671710000000.0
2016-01-30,4050371320000000.0
2016-02-04,5481801510000000.0
2016-02-06,5229080270000000.0
2016-02-08,5670543850000000.0
2016-02-09,4250952470000000.0
2016-02-10,3011988620000000.0
2016-02-11,2928203740000000.0
2016-02-13,6513185300000000.0
2016-02-18,4985705410000000.0
2016-02-20,7413740080000000.0
2016-02-25,2734448640000000.0
2016-02-27,1.12799789e+16
2016-02-29,7921496480000000.0
2016-03-02,7058979000000000.0
2016-03-04,8006943250000000.0
2016-03-05,8284600540000000.0
2016-03-07,9983285330000000.0
2016-03-14,8697546610000000.0
2016-03-25,9290537170000000.0
2016-03-27,9892944990000000.0
2016-03-28,7340226350000000.0
2016-03-29,9982430640000000.0
2016-03-30,8966583900000000.0
2016-03-31,1.02468911e+16
2016-04-01,8302113800000000.0
2016-04-03,6073359170000000.0
2016-04-05,7185464720000000.0
2016-04-06,7786352650000000.0
2016-04-07,7925978820000000.0
2016-04-08,6152927200000000.0
2016-04-12,4991625490000000.0
2016-04-19,6427588210000000.0
2016-04-20,7176665400000000.0
2016-04-21,6705610570000000.0
2016-04-22,4760462290000000.0
2016-04-24,5032695570000000.0
2016-04-28,7046382940000000.0
2016-04-29,6566318870000000.0
2016-05-02,5561492490000000.0
2016-05-03,5291976840000000.0
2016-05-06,5976147420000000.0
2016-05-07,5884883120000000.0
2016-05-08,5548999500000000.0
2016-05-09,5960369860000000.0
2016-05-12,5751570560000000.0
2016-05-14,5391421440000000.0
2016-05-15,5594815530000000.0
2016-05-17,7404531130000000.0
2016-05-18,6634486450000000.0
2016-05-19,4304772970000000.0
2016-05-23,3693231910000000.0
2016-05-24,5196645750000000.0
2016-05-25,3309759510000000.0
2016-05-26,5044160450000000.0
2016-05-27,3970261860000000.0
2016-05-28,5700462590000000.0
2016-06-15,5131592030000000.0
2016-06-16,5776340710000000.0
2016-06-17,3331869740000000.0
2016-06-18,8683332410000000.0
2016-06-19,6343752600000000.0
2016-06-20,4862352340000000.0
2016-06-22,5919320170000000.0
2016-06-23,6141895040000000.0
2016-06-24,5929372000000000.0
2016-06-25,5754687090000000.0
2016-06-26,6123381040000000.0
2016-06-27,5731337500000000.0
2016-06-28,4507318000000000.0
2016-06-29,6772210480000000.0
2016-07-01,5615066300000000.0
2016-07-02,4863629020000000.0
2016-07-03,4892886340000000.0
2016-07-04,4895095020000000.0
2016-07-05,6602397670000000.0
2016-07-06,5465328700000000.0
2016-07-11,3774344510000000.0
2016-07-12,6302447360000000.0
2016-07-13,5088822740000000.0
2016-07-15,5450889560000000.0
2016-07-17,5929860560000000.0
2016-07-19,4666925420000000.0
2016-07-20,4804566780000000.0
2016-07-21,5172355560000000.0
2016-07-22,5608694710000000.0
2016-07-24,6059672720000000.0
2016-07-25,6541678650000000.0
2016-07-26,6271010350000000.0
2016-07-27,6256888490000000.0
2016-07-28,6695716040000000.0
2016-07-29,6819535650000000.0
2016-07-30,5606662120000000.0
2016-07-31,5247996920000000.0
2016-08-02,5327818880000000.0
2016-08-03,5552968050000000.0
2016-08-04,5356438400000000.0
2016-08-05,6209978320000000.0
2016-08-06,5986872490000000.0
2016-08-07,6231232510000000.0
2016-08-09,6188868560000000.0
2016-08-10,6625297900000000.0
2016-08-12,5467462770000000.0
2016-08-13,4875094430000000.0
2016-08-14,4895359700000000.0
2016-08-16,6578376460000000.0
2016-08-18,4522431450000000.0
2016-08-19,5400990630000000.0
2016-08-20,5791350540000000.0
2016-08-21,5931467410000000.0
2016-08-22,6183690440000000.0
2016-08-23,5221586090000000.0
2016-08-25,6121222290000000.0
2016-08-26,1.1450022e+16
2016-08-27,4686936210000000.0
2016-08-28,5271060350000000.0
2016-08-29,4887553600000000.0
2016-08-30,5301278130000000.0
2016-08-31,7997666120000000.0
2016-09-01,7630851210000000.0
2016-09-03,5388827280000000.0
2016-09-04,5500536160000000.0
2016-09-06,3536214620000000.0
2016-09-07,6903067400000000.0
2016-09-08,5095455250000000.0
2016-09-10,4589568230000000.0
2016-09-11,7514567660000000.0
2016-09-12,3609976650000000.0
2016-09-13,5306322570000000.0
2016-09-17,7429516030000000.0
2016-09-19,4897534030000000.0
2016-09-20,5242960530000000.0
2016-09-21,5695744570000000.0
2016-09-22,5114629590000000.0
2016-09-23,6584682540000000.0
2016-09-24,6143864280000000.0
2016-09-26,5396778880000000.0
2016-09-29,4377317930000000.0
2016-10-01,5858331100000000.0
2016-10-03,7672951020000000.0
2016-10-05,6083946800000000.0
2016-10-07,3955116200000000.0
2016-10-14,4071646440000000.0
2016-10-22,4977300700000000.0
2016-10-23,5840892460000000.0
2016-10-24,5692523350000000.0
2016-10-26,6601782420000000.0
2016-10-28,5225313050000000.0
2016-10-31,4675928750000000.0
2016-11-02,7592147120000000.0
2016-11-04,6506540450000000.0
2016-11-06,7347640530000000.0
2016-11-07,4948821840000000.0
2016-11-11,6220373220000000.0
2016-11-13,6893275940000000.0
2016-11-15,7309817980000000.0
2016-11-16,7831309150000000.0
2016-11-18,5867051490000000.0
2016-12-02,7883816740000000.0
2016-12-04,1.51869206e+16
2016-12-06,8341278000000000.0
2016-12-08,9985395240000000.0
2016-12-09,9306734570000000.0
2016-12-13,1.39971191e+16
2016-12-17,9628603710000000.0
2016-12-18,8289658400000000.0
2016-12-20,7420284000000000.0
2016-12-24,4434196180000000.0
2016-12-25,9720204630000000.0
2016-12-26,5770012070000000.0
2016-12-27,1.2145126e+16
2016-12-29,7417528240000000.0
2016-12-31,6844068500000000.0
2017-01-02,8562378080000000.0
2017-01-03,7948912330000000.0
2017-01-05,2.24239706e+16
2017-01-09,7235276140000000.0
2017-01-10,8742599740000000.0
2017-01-14,1.5890374e+16
2017-01-16,6385809450000000.0
2017-01-21,8527884660000000.0
2017-01-23,8148534900000000.0
2017-01-25,5680793790000000.0
2017-01-26,4532932110000000.0
2017-01-27,5354871270000000.0
2017-01-28,4084836560000000.0
2017-02-01,4589576280000000.0
2017-02-03,5120726300000000.0
2017-02-04,4080717680000000.0
2017-02-06,6244942580000000.0
2017-02-08,6412458110000000.0
2017-02-10,8490263970000000.0
2017-02-11,5750414140000000.0
2017-02-12,7103242400000000.0
2017-02-13,5833929780000000.0
2017-02-15,7375715660000000.0
2017-02-17,9053042660000000.0
2017-02-19,5666120040000000.0
2017-02-20,6748014240000000.0
2017-02-22,6981979900000000.0
2017-02-26,5941735600000000.0
2017-02-27,8258626720000000.0
2017-02-28,8079910980000000.0
2017-03-01,7280103250000000.0
2017-03-03,7219521660000000.0
2017-03-05,7924002060000000.0
2017-03-23,1.05495521e+16
2017-03-24,6611996930000000.0
2017-03-28,1.18210868e+16
2017-03-30,6775316280000000.0
2017-04-01,7245991010000000.0
2017-04-02,6218279960000000.0
2017-04-03,7288480580000000.0
2017-04-04,6704211480000000.0
2017-04-07,7147664170000000.0
2017-04-08,6119163390000000.0
2017-04-09,8271724220000000.0
2017-04-10,4320726090000000.0
2017-04-11,5488174710000000.0
2017-04-16,4746615860000000.0
2017-04-17,6668097790000000.0
2017-04-18,5590921060000000.0
2017-04-19,7957734730000000.0
2017-04-20,1.01261757e+16
2017-04-23,7991990320000000.0
2017-04-24,5444352080000000.0
2017-04-25,3658623330000000.0
2017-04-26,7882862180000000.0
2017-04-29,8042320890000000.0
2017-05-01,4277815880000000.0
2017-05-02,5089531410000000.0
2017-05-03,3815005770000000.0
2017-05-04,6957594690000000.0
2017-05-05,5985225370000000.0
2017-05-06,5253043500000000.0
2017-05-08,5526729020000000.0
2017-05-09,5193825030000000.0
2017-05-10,5837987980000000.0
2017-05-11,3988927250000000.0
2017-05-13,3245543040000000.0
2017-05-14,4352238270000000.0
2017-05-17,6317179630000000.0
2017-05-18,3282271180000000.0
2017-05-19,7497707230000000.0
2017-05-20,4799142230000000.0
2017-05-21,4957826240000000.0
2017-05-22,4983641140000000.0
2017-05-26,5083219420000000.0
2017-05-27,5750684180000000.0
2017-05-28,6865262560000000.0
2017-05-29,6149719390000000.0
2017-05-31,5618914050000000.0
2017-06-05,4489111090000000.0
2017-06-06,6155470890000000.0
2017-06-07,6189791440000000.0
2017-06-09,5256040850000000.0
2017-06-10,5573758370000000.0
2017-06-11,5178214440000000.0
2017-06-12,4815954880000000.0
2017-06-20,3619392560000000.0
2017-06-21,5569418850000000.0
2017-06-22,5458632850000000.0
2017-06-23,4886033180000000.0
2017-06-25,5758986890000000.0
2017-06-26,5159845400000000.0
2017-06-27,5536262770000000.0
2017-06-28,5064471350000000.0
2017-06-29,6572844000000000.0
2017-06-30,5706310190000000.0
2017-07-02,6520827120000000.0
2017-07-04,5436664090000000.0
2017-07-05,4177961110000000.0
2017-07-06,4026895570000000.0
2017-07-07,5116130150000000.0
2017-07-08,5954309120000000.0
2017-07-09,5080278980000000.0
2017-07-11,5769395210000000.0
2017-07-12,5300722470000000.0
2017-07-13,6154784240000000.0
2017-07-14,4428278520000000.0
2017-07-15,5881518010000000.0
2017-07-16,7971922620000000.0
2017-07-17,5998225160000000.0
2017-07-18,6411995870000000.0
2017-07-20,5962626320000000.0
2017-07-21,5435474390000000.0
2017-07-22,5775259450000000.0
2017-07-23,5793872230000000.0
2017-07-24,5837435540000000.0
2017-07-25,6480683670000000.0
2017-07-27,5818320260000000.0
2017-07-28,4309951360000000.0
2017-07-29,5534823960000000.0
2017-08-03,6239758020000000.0
2017-08-05,5977425710000000.0
2017-08-06,4788288850000000.0
2017-08-07,6525870480000000.0
2017-08-08,6515871260000000.0
2017-08-09,5898941090000000.0
2017-08-10,7135572230000000.0
2017-08-12,5414766740000000.0
2017-08-13,5686157670000000.0
2017-08-14,5851538070000000.0
2017-08-15,5026825970000000.0
2017-08-16,6728747560000000.0
2017-08-17,7012981510000000.0
2017-08-18,6779739560000000.0
2017-08-19,7383614640000000.0
2017-08-21,5621507670000000.0
2017-08-22,2911453640000000.0
2017-08-23,3108419770000000.0
2017-08-24,5900526470000000.0
2017-08-25,6210522710000000.0
2017-08-26,5013269970000000.0
2017-08-28,5578510760000000.0
2017-08-29,5610083600000000.0
2017-08-30,5406966540000000.0
2017-08-31,3944495550000000.0
2017-09-01,5667579250000000.0
2017-09-02,3338866240000000.0
2017-09-04,6164600380000000.0
2017-09-06,5150683700000000.0
2017-09-07,4623909710000000.0
2017-09-08,6418680450000000.0
2017-09-09,6835490380000000.0
2017-09-10,6267938370000000.0
2017-09-11,5371269460000000.0
2017-09-13,5196873380000000.0
2017-09-14,4212101000000000.0
2017-09-15,6651640550000000.0
2017-09-16,5777584640000000.0
2017-09-17,6609958960000000.0
2017-09-18,6517422280000000.0
2017-09-19,7216599470000000.0
2017-09-20,6674814580000000.0
2017-09-22,4603352390000000.0
2017-09-23,5286259710000000.0
2017-09-24,5014498340000000.0
2017-09-25,5278985110000000.0
2017-09-26,7336103180000000.0
2017-09-27,7422871720000000.0
2017-10-01,6427252130000000.0
2017-10-02,7655765780000000.0
2017-10-06,5642878890000000.0
2017-10-08,4852546390000000.0
2017-10-11,6094587580000000.0
2017-10-18,4649204390000000.0
2017-10-20,5532583060000000.0
2017-10-22,5575145650000000.0
2017-10-24,7553811850000000.0
2017-10-25,6413597890000000.0
2017-10-27,7340812070000000.0
2017-10-29,6595796310000000.0
2017-10-31,6111285880000000.0
2017-11-02,6551762690000000.0
2017-11-03,6409454320000000.0
2017-11-05,6352495000000000.0
2017-11-09,6433586130000000.0
2017-11-10,6255401360000000.0
2017-11-12,5835916740000000.0
2017-11-16,8423449310000000.0
2017-11-23,7240739340000000.0
2017-11-28,6924143340000000.0
2017-12-02,7814279070000000.0
2017-12-04,8298089950000000.0
2017-12-05,7737783550000000.0
2017-12-07,8702953440000000.0
2017-12-09,7377542630000000.0
2017-12-11,1.22085916e+16
2017-12-12,6972136380000000.0
2017-12-14,7307421390000000.0
2017-12-18,6466169900000000.0
2017-12-20,9835260360000000.0
2017-12-21,8623950730000000.0
2017-12-23,1.43365804e+16
2017-12-25,9419163930000000.0
2017-12-27,7538426740000000.0
2017-12-30,1.01533617e+16
2018-01-01,9053864070000000.0
2018-01-03,7511275570000000.0
2018-01-10,6098595330000000.0
2018-01-12,8875119350000000.0
2018-01-13,6572184730000000.0
2018-01-15,8492008800000000.0
2018-01-17,9379148790000000.0
2018-01-19,6809370000000000.0
2018-01-22,1.56392601e+16
2018-02-06,9922832600000000.0
2018-02-07,3521700580000000.0
2018-02-09,9529187030000000.0
2018-02-11,6634474640000000.0
2018-02-13,6377850880000000.0
2018-02-14,5162383190000000.0
2018-02-16,6343054660000000.0
2018-02-18,7139597690000000.0
2018-02-23,6592553070000000.0
2018-02-27,5990976870000000.0
2018-03-01,5105459300000000.0
2018-03-02,5526440180000000.0
2018-03-10,7081617240000000.0
2018-03-11,6823001690000000.0
2018-03-13,1.00000862e+16
2018-03-18,1.31887794e+16
2018-03-20,1.24168911e+16
2018-03-21,7853159260000000.0
2018-03-22,9033290110000000.0
2018-03-24,7204084470000000.0
2018-03-25,1.19266528e+16
2018-03-26,1.33509703e+16
2018-03-27,8174188200000000.0
2018-03-28,9378539980000000.0
2018-03-29,9188475870000000.0
2018-03-30,6361054870000000.0
2018-03-31,8345515520000000.0
2018-04-02,7224095260000000.0
2018-04-03,7693042340000000.0
2018-04-04,8874837490000000.0
2018-04-05,6044873340000000.0
2018-04-07,6926240360000000.0
2018-04-09,1.0010014e+16
2018-04-10,5768276370000000.0
2018-04-11,6936921400000000.0
2018-04-12,7055985410000000.0
2018-04-13,6992813960000000.0
2018-04-14,1.23680552e+16
2018-04-18,8338841140000000.0
2018-04-19,6798309390000000.0
2018-04-21,4184007350000000.0
2018-04-22,8534016270000000.0
2018-04-23,6314284820000000.0
2018-04-25,4631011980000000.0
2018-04-26,1.04062859e+16
2018-04-28,5859177210000000.0
2018-04-29,6797835330000000.0
2018-04-30,4412600540000000.0
2018-05-01,6085516080000000.0
2018-05-02,6696653950000000.0
2018-05-05,5556851240000000.0
2018-05-06,5461319350000000.0
2018-05-07,4200156700000000.0
2018-05-08,7332705860000000.0
2018-05-11,6030306960000000.0
2018-05-12,7378286200000000.0
2018-05-13,6290980870000000.0
2018-05-14,5955827390000000.0
2018-05-15,6274308880000000.0
2018-05-16,5745018050000000.0
2018-05-18,6411612540000000.0
2018-05-20,6346232940000000.0
2018-05-21,5619752640000000.0
2018-05-22,5957071860000000.0
2018-05-23,6875542560000000.0
2018-05-24,6347946090000000.0
2018-05-25,5257255790000000.0
2018-05-27,6393379870000000.0
2018-05-28,6084943230000000.0
2018-05-29,4994164350000000.0
2018-05-30,5768066450000000.0
2018-05-31,5227284440000000.0
2018-06-02,3673888720000000.0
2018-06-03,6342112990000000.0
2018-06-05,3856867750000000.0
2018-06-06,3727306840000000.0
2018-06-07,4550100160000000.0
2018-06-08,5707759740000000.0
2018-06-09,5698643140000000.0
2018-06-12,5087160590000000.0
2018-06-15,3949098950000000.0
2018-06-16,5692704270000000.0
2018-06-17,3831942710000000.0
2018-06-19,4499716980000000.0
2018-06-22,3559922830000000.0
2018-06-24,4770945240000000.0
2018-06-25,5335112280000000.0
2018-06-26,5352381800000000.0
2018-06-28,5087500970000000.0
2018-06-29,6058696150000000.0
2018-06-30,5603565450000000.0
2018-07-01,5153239740000000.0
2018-07-02,6821271350000000.0
2018-07-03,4165489600000000.0
2018-07-04,4639766200000000.0
2018-07-05,5295645820000000.0
2018-07-07,4410636940000000.0
2018-07-08,5519991830000000.0
2018-07-09,4946502560000000.0
2018-07-10,4151460090000000.0
2018-07-12,3768408870000000.0
2018-07-14,4997231490000000.0
2018-07-15,3655895490000000.0
2018-07-16,5113683090000000.0
2018-07-17,3927509760000000.0
2018-07-18,4876498350000000.0
2018-07-19,5507449450000000.0
2018-07-21,5703954940000000.0
2018-07-23,4788149800000000.0
2018-07-24,5107975610000000.0
2018-07-25,4970697190000000.0
2018-07-26,5707436010000000.0
2018-07-27,6080241320000000.0
2018-07-28,5695527680000000.0
2018-07-30,5502570370000000.0
2018-07-31,5587566690000000.0
2018-08-01,5295317790000000.0
2018-08-02,4563621260000000.0
2018-08-03,5838771820000000.0
2018-08-04,7202932350000000.0
2018-08-05,4769195570000000.0
2018-08-06,6062011870000000.0
2018-08-08,5209505420000000.0
2018-08-09,5132206210000000.0
2018-08-10,5870112190000000.0
2018-08-11,4990376730000000.0
2018-08-12,7132318250000000.0
2018-08-13,6124719460000000.0
2018-08-15,3978174270000000.0
2018-08-16,3355832160000000.0
2018-08-17,5820692150000000.0
2018-08-18,5162264000000000.0
2018-08-19,4713439380000000.0
2018-08-20,6334486200000000.0
2018-08-22,3948783270000000.0
2018-08-25,3586329370000000.0
2018-08-26,3379207520000000.0
2018-09-01,6074668600000000.0
2018-09-02,5370246720000000.0
2018-09-03,6579242430000000.0
2018-09-04,7320420640000000.0
2018-09-05,7752971630000000.0
2018-09-06,5842446160000000.0
2018-09-07,9243942150000000.0
2018-09-10,4702982210000000.0
2018-09-11,6671753880000000.0
2018-09-12,4803365260000000.0
2018-09-13,5471077520000000.0
2018-09-14,5244830450000000.0
2018-09-18,4960932040000000.0
2018-09-19,4551800430000000.0
2018-09-20,5261269980000000.0
2018-09-21,6409878450000000.0
2018-09-23,5924469840000000.0
2018-09-25,4808577740000000.0
2018-09-26,4336334010000000.0
2018-09-27,6409330840000000.0
2018-09-28,3032397770000000.0
2018-09-30,5491274060000000.0
2018-10-02,7052356700000000.0
2018-10-04,6934204840000000.0
2018-10-05,3364151250000000.0
2018-10-07,7522591200000000.0
2018-10-09,7525209510000000.0
2018-10-12,4395179890000000.0
2018-10-14,3481487610000000.0
2018-10-18,4407680390000000.0
2018-10-20,5284578230000000.0
2018-10-21,4983365190000000.0
2018-10-23,6469470580000000.0
2018-10-25,7384936420000000.0
2018-10-27,7121553460000000.0
2018-10-28,5022148210000000.0
2018-10-30,5216463800000000.0
2018-11-05,7320908120000000.0
2018-11-06,4815252650000000.0
2018-11-08,1.15431917e+16
2018-11-15,8231974300000000.0
2018-11-21,9172326790000000.0
2018-11-22,4308413230000000.0
2018-11-24,6006989040000000.0
2018-11-26,8439168360000000.0
2018-11-29,6072559230000000.0
2018-12-01,9192182420000000.0
2018-12-03,7961510010000000.0
2018-12-05,4890749590000000.0
2018-12-10,4699124790000000.0
2018-12-15,6207677830000000.0
2018-12-17,6649952630000000.0
2018-12-19,8026674330000000.0
2018-12-26,9837560310000000.0
2019-01-04,1607390970000000.0
2019-01-09,5704070370000000.0
2019-01-15,8196082870000000.0
2019-01-18,5217683040000000.0
2019-01-20,7942232590000000.0
2019-01-22,6684238280000000.0
2019-01-24,8673972610000000.0
2019-01-25,8101584460000000.0
2019-01-27,5769262060000000.0
2019-01-29,6058771850000000.0
2019-01-31,5510279300000000.0
2019-02-03,7383614640000000.0
2019-02-07,6440960590000000.0
2019-02-12,4269013080000000.0
2019-02-19,7055281040000000.0
2019-02-26,2526251980000000.0
2019-03-02,9576875130000000.0
2019-03-04,6231075740000000.0
2019-03-11,7953429570000000.0
2019-03-13,8488738720000000.0
2019-03-14,5075826710000000.0
2019-03-16,1.0521478e+16
2019-03-18,1.07818228e+16
2019-03-20,6185538890000000.0
2019-03-21,6586477300000000.0
2019-03-25,5090695890000000.0
2019-03-27,7580293540000000.0
2019-03-28,6795477390000000.0
2019-03-30,6571748250000000.0
2019-03-31,8380492660000000.0
2019-04-01,5570297710000000.0
2019-04-05,7621631530000000.0
2019-04-06,7652111300000000.0
2019-04-07,6694767390000000.0
2019-04-08,8912993440000000.0
2019-04-09,7657213190000000.0
2019-04-10,8675590200000000.0
2019-04-15,6647181830000000.0
2019-04-17,6879242140000000.0
2019-04-18,6487024650000000.0
2019-04-22,8670397580000000.0
2019-04-23,6027164650000000.0
2019-04-24,6166010210000000.0
2019-04-25,7339233670000000.0
2019-04-26,7109089460000000.0
2019-04-28,7447951640000000.0
2019-04-29,9627710360000000.0
2019-04-30,6249512960000000.0
2019-05-03,4933271380000000.0
2019-05-10,6701338150000000.0
2019-05-11,6907363970000000.0
2019-05-12,5802840120000000.0
2019-05-14,5160956720000000.0
2019-05-15,3757659910000000.0
2019-05-17,5680056670000000.0
2019-05-19,6305684690000000.0
2019-05-21,5425464430000000.0
2019-05-23,6191968450000000.0
2019-05-24,5354708600000000.0
2019-05-27,6276547090000000.0
2019-05-30,6102790430000000.0
2019-05-31,7204714220000000.0
2019-06-01,3940074420000000.0
2019-06-02,3648085900000000.0
2019-06-04,5567951580000000.0
2019-06-06,5592281500000000.0
2019-06-08,4252795280000000.0
2019-06-09,4530075950000000.0
2019-06-11,3683485290000000.0
2019-06-15,6143920650000000.0
2019-06-16,6481955520000000.0
2019-06-17,4956208650000000.0
2019-06-18,4509957250000000.0
2019-06-19,5202545430000000.0
2019-06-20,5130332530000000.0
2019-06-21,5275633420000000.0
2019-06-22,3026942360000000.0
2019-06-26,4592464110000000.0
2019-06-27,6255990840000000.0
2019-06-28,3671767000000000.0
2019-06-29,5487170760000000.0
2019-07-01,4862409790000000.0
2019-07-02,2908975710000000.0
2019-07-04,1466157950000000.0
2019-07-05,5041718760000000.0
2019-07-06,5219812800000000.0
2019-07-08,8192256050000000.0
2019-07-10,5702880660000000.0
2019-07-11,4480349630000000.0
2019-07-12,4700366040000000.0
2019-07-13,5240697080000000.0
2019-07-14,331722068000000.0
2019-07-15,6063191910000000.0
2019-07-17,4369804420000000.0
2019-07-18,3070594790000000.0
2019-07-19,5537090090000000.0
2019-07-20,4784164070000000.0
2019-07-21,8866078980000000.0
2019-07-23,-824162147000000.0
2019-07-24,5353625730000000.0
2019-07-26,5522363720000000.0
2019-07-27,7393974100000000.0
2019-07-28,5320513140000000.0
2019-07-29,5092474000000000.0
2019-07-30,4209354100000000.0
2019-07-31,5126755900000000.0
2019-08-03,5308953240000000.0
2019-08-04,5684463300000000.0
2019-08-05,5329151930000000.0
2019-08-06,5574418190000000.0
2019-08-07,5406664280000000.0
2019-08-09,5047711320000000.0
2019-08-11,4615925910000000.0
2019-08-12,4697861540000000.0
2019-08-13,4860322970000000.0
2019-08-14,5939551080000000.0
2019-08-15,5289502940000000.0
2019-08-16,5413673130000000.0
2019-08-18,5353460380000000.0
2019-08-19,5698208270000000.0
2019-08-20,6133474750000000.0
2019-08-21,5430055210000000.0
2019-08-22,4804924330000000.0
2019-08-23,5543605560000000.0
2019-08-27,4580600870000000.0
2019-08-28,4154274100000000.0
2019-08-29,4560577200000000.0
2019-08-30,6435262240000000.0
2019-08-31,5076471490000000.0
2019-09-01,5105548420000000.0
2019-09-03,4795333130000000.0
2019-09-04,4598850190000000.0
2019-09-05,4355374670000000.0
2019-09-06,4854672940000000.0
2019-09-07,7973436600000000.0
2019-09-08,6978933700000000.0
2019-09-10,6293062850000000.0
2019-09-12,4960448320000000.0
2019-09-13,4937217380000000.0
2019-09-14,4917701580000000.0
2019-09-15,6369656080000000.0
2019-09-16,3356471040000000.0
2019-09-17,5814172390000000.0
2019-09-19,5137555050000000.0
2019-09-20,4800080680000000.0
2019-09-21,6912054620000000.0
2019-09-22,5535604570000000.0
2019-09-23,6982045940000000.0
2019-09-24,6023503730000000.0
2019-09-25,5948735330000000.0
2019-09-26,5282734080000000.0
2019-09-28,5717657500000000.0
2019-09-29,4629261240000000.0
2019-10-01,4817541870000000.0
2019-10-03,8299860020000000.0
2019-10-05,6806078980000000.0
2019-10-07,4390533000000000.0
2019-10-08,6005803090000000.0
2019-10-10,9053942460000000.0
2019-10-12,6031628730000000.0
2019-10-14,4398391990000000.0
2019-10-15,4731914180000000.0
2019-10-17,5184839420000000.0
2019-10-19,5167072220000000.0
2019-10-21,6826407600000000.0
2019-10-23,5345632260000000.0
2019-10-24,6108656290000000.0
2019-10-26,9712336250000000.0
2019-10-28,7505710360000000.0
2019-10-30,8103627790000000.0
2019-10-31,4746498820000000.0
2019-11-02,5124054900000000.0
2019-11-04,6438662250000000.0
2019-11-06,5953888750000000.0
2019-11-08,7337363750000000.0
2019-11-09,6122409850000000.0
2019-11-11,9283751130000000.0
2019-11-13,6374705350000000.0
2019-11-15,6862937910000000.0
2019-11-16,6752052050000000.0
2019-11-18,8921503920000000.0
2019-11-20,4888661700000000.0
2019-11-22,5393482490000000.0
2019-11-24,8447648230000000.0
2019-11-25,7978843420000000.0
2019-11-27,5823632590000000.0
2019-11-29,9117227730000000.0
2019-12-01,6853084180000000.0
2019-12-02,7563033680000000.0
2019-12-04,6826683550000000.0
2019-12-08,6541957820000000.0
2019-12-10,1.1195513e+16
2019-12-11,8251166360000000.0
2019-12-13,7911957900000000.0
2019-12-15,8610695390000000.0
2019-12-17,9715713170000000.0
2019-12-18,8512435130000000.0
2019-12-22,1.85126512e+16
2019-12-24,1.26841433e+16
2019-12-27,1.14517207e+16
2019-12-29,4619005940000000.0
2020-01-02,7048043480000000.0
2020-01-03,7375666810000000.0
2020-01-05,1727746960000000.0
2020-01-07,9186951150000000.0
2020-01-09,6134972090000000.0
2020-01-11,4415529180000000.0
2020-01-14,9931020950000000.0
2020-01-16,8328293770000000.0
2020-01-19,1.01087907e+16
2020-01-21,8563426590000000.0
2020-01-23,8545287330000000.0
2020-01-27,4807819680000000.0
2020-01-28,5085370660000000.0
2020-01-30,3088583460000000.0
2020-02-01,5188413910000000.0
2020-02-08,7290221650000000.0
2020-02-10,5229232200000000.0
2020-02-12,4505974210000000.0
2020-02-17,3669909970000000.0
2020-02-19,4605266340000000.0
2020-02-20,2885823960000000.0
2020-02-22,6248930460000000.0
2020-02-24,4535436070000000.0
2020-02-26,8674652290000000.0
2020-02-28,5290454820000000.0
2020-02-29,5783486460000000.0
2020-03-02,4764348170000000.0
2020-03-06,3816208900000000.0
2020-03-07,8735729400000000.0
2020-03-09,7830271380000000.0
2020-03-11,9092453280000000.0
2020-03-15,6886222530000000.0
2020-03-16,6662665730000000.0
2020-03-20,7953691020000000.0
2020-03-22,5695904560000000.0
2020-03-24,7880503170000000.0
2020-03-25,9536288760000000.0
2020-03-26,8687257480000000.0
2020-03-27,1.13147445e+16
2020-04-01,5918471380000000.0
2020-04-07,4618172170000000.0
2020-04-08,5106822420000000.0
2020-04-09,7092266610000000.0
2020-04-10,6505935390000000.0
2020-04-12,5240446360000000.0
2020-04-14,7198517660000000.0
2020-04-15,5080263950000000.0
2020-04-16,7136132190000000.0
2020-04-17,4925530240000000.0
2020-04-18,6698036930000000.0
2020-04-19,6213772390000000.0
2020-04-20,-6379561890000000.0
2020-04-24,6613331590000000.0
2020-04-25,8135175400000000.0
2020-04-26,7530612580000000.0
2020-04-27,7106771790000000.0
2020-04-28,6262257200000000.0
2020-04-30,5987529080000000.0
2020-05-01,4523753220000000.0
2020-05-02,5166688350000000.0
2020-05-03,4974837530000000.0
2020-05-04,5539240800000000.0
2020-05-05,5334771900000000.0
2020-05-06,1876807290000000.0
2020-05-09,4523389760000000.0
2020-05-10,6252052900000000.0
2020-05-11,5247179260000000.0
2020-05-12,5124720080000000.0
2020-05-13,5070369420000000.0
2020-05-14,5871774340000000.0
2020-05-16,6827556500000000.0
2020-05-17,5032862000000000.0
2020-05-18,4387539950000000.0
2020-05-19,3622784510000000.0
2020-05-25,4126835970000000.0
2020-05-26,3702444080000000.0
2020-05-30,6036468620000000.0
2020-06-01,3403473010000000.0
2020-06-02,5477598890000000.0
2020-06-03,5873282410000000.0
2020-06-04,5096738910000000.0
2020-06-05,5760441810000000.0
2020-06-06,6221143090000000.0
2020-06-10,4142462940000000.0
2020-06-11,4869641970000000.0
2020-06-12,5311812610000000.0
2020-06-13,5363635690000000.0
2020-06-14,2880162660000000.0
2020-06-15,5332593810000000.0
2020-06-17,4963044090000000.0
2020-06-18,6310515990000000.0
2020-06-19,5012263880000000.0
2020-06-20,5026677790000000.0
2020-06-22,3707331210000000.0
2020-06-23,1099846570000000.0
2020-06-24,4843927470000000.0
2020-06-26,4445544290000000.0
2020-06-27,4016411020000000.0
2020-06-28,4253481940000000.0
2020-06-29,5608386010000000.0
2020-06-30,4027242390000000.0
2020-07-03,5033668380000000.0
2020-07-04,5198627340000000.0
2020-07-05,5449924800000000.0
2020-07-06,4635081460000000.0
2020-07-07,5532631920000000.0
2020-07-08,3302885150000000.0
2020-07-10,4540776860000000.0
2020-07-12,5349173460000000.0
2020-07-13,4629861470000000.0
2020-07-14,4940032730000000.0
2020-07-15,6785868480000000.0
2020-07-16,4224519090000000.0
2020-07-17,5368722540000000.0
2020-07-19,5139641330000000.0
2020-07-20,4618429870000000.0
2020-07-21,6097208590000000.0
2020-07-22,4488729380000000.0
2020-07-23,5276516040000000.0
2020-07-24,5719334680000000.0
2020-07-26,7277064020000000.0
2020-07-28,4846861470000000.0
2020-07-29,4953814740000000.0
2020-07-30,5451174640000000.0
2020-07-31,5032811540000000.0
2020-08-01,5490421510000000.0
2020-08-02,5934768090000000.0
2020-08-06,4445348600000000.0
2020-08-07,4595650980000000.0
2020-08-08,5669458840000000.0
2020-08-09,5084541200000000.0
2020-08-10,5438097540000000.0
2020-08-13,4436575860000000.0
2020-08-14,4860125400000000.0
2020-08-15,5138417810000000.0
2020-08-16,7480188060000000.0
2020-08-17,4243579620000000.0
2020-08-18,4571484810000000.0
2020-08-20,5336262790000000.0
2020-08-21,5994228160000000.0
2020-08-22,6733211640000000.0
2020-08-23,5055488430000000.0
2020-08-24,6404194060000000.0
2020-08-25,5837552580000000.0
2020-08-26,1.05216509e+16
2020-08-27,4734607130000000.0
2020-08-29,5535724290000000.0
2020-08-30,4436556800000000.0
2020-08-31,4453375620000000.0
2020-09-01,4729191710000000.0
2020-09-02,6370215500000000.0
2020-09-03,6191643640000000.0
2020-09-05,4793690850000000.0
2020-09-06,5649953780000000.0
2020-09-07,4382496310000000.0
2020-09-08,7305638980000000.0
2020-09-09,4818975320000000.0
2020-09-10,3651835670000000.0
2020-09-11,6614748930000000.0
2020-09-12,8477965870000000.0
2020-09-14,4412039780000000.0
2020-09-15,5784312700000000.0
2020-09-16,5531244640000000.0
2020-09-17,5088632160000000.0
2020-09-18,3030763810000000.0
2020-09-19,4990138350000000.0
2020-09-21,3998287330000000.0
2020-09-22,7229463440000000.0
2020-09-23,4353021830000000.0
2020-09-26,5517914670000000.0
2020-10-01,5878811110000000.0
2020-10-03,6514978980000000.0
2020-10-05,6512005790000000.0
2020-10-07,6238254240000000.0
2020-10-09,6170143570000000.0
2020-10-10,5188888500000000.0
2020-10-12,3378414030000000.0
2020-10-14,4999283410000000.0
2020-10-19,6356348120000000.0
2020-10-23,5106980260000000.0
2020-10-25,5878499190000000.0
2020-10-26,4688249400000000.0
2020-10-28,5684923940000000.0
2020-10-30,6895090030000000.0
2020-11-01,4749486510000000.0
2020-11-02,5746045080000000.0
2020-11-04,5799962490000000.0
2020-11-06,3323142630000000.0
2020-11-08,8159704500000000.0
2020-11-10,5696138100000000.0
2020-11-11,4226484040000000.0
2020-11-13,3603316230000000.0
2020-11-15,3453444420000000.0
2020-11-17,3539778360000000.0
2020-11-18,7654532590000000.0
2020-11-20,8660517010000000.0
2020-11-22,9438086480000000.0
2020-11-24,6241841610000000.0
2020-11-26,6402090060000000.0
2020-11-27,9407761860000000.0
2020-12-03,6390673500000000.0
2020-12-04,2205766350000000.0
2020-12-06,6901797700000000.0
2020-12-10,8722142810000000.0
2020-12-12,1.47604604e+16
2020-12-13,8905559390000000.0
2020-12-20,1.23105767e+16
2020-12-22,9291162090000000.0
2020-12-24,1.01013271e+16
2020-12-26,8719461140000000.0
2020-12-29,7405549580000000.0
2020-12-31,9006836330000000.0
2021-01-02,9012261950000000.0
2021-01-04,6053014980000000.0
2021-01-05,1.26099273e+16
2021-01-09,1.05794762e+16
2021-01-13,8802017390000000.0
2021-01-14,8434375170000000.0
2021-01-16,9090047030000000.0
2021-01-18,7991840530000000.0
2021-01-20,1.00406983e+16
2021-01-21,6361631470000000.0
2021-01-23,1.2341886e+16
2021-01-25,8805534970000000.0
2021-01-27,7546218880000000.0
2021-01-29,5356965610000000.0
2021-01-30,4726213150000000.0
2021-02-01,8727721970000000.0
2021-02-03,7343814790000000.0
2021-02-05,6118128300000000.0
2021-02-06,7284493780000000.0
2021-02-08,5660551610000000.0
2021-02-12,4846408350000000.0
2021-02-14,7258142540000000.0
2021-02-15,3751503610000000.0
2021-02-17,4545049280000000.0
2021-02-19,5065957410000000.0
2021-02-21,6056392980000000.0
2021-02-22,6106568400000000.0
2021-02-24,3981239260000000.0
2021-02-28,1.03086355e+16
2021-03-07,2942560750000000.0
2021-03-09,7433111460000000.0
2021-03-10,8831721920000000.0
2021-03-12,1.06660037e+16
2021-03-14,9961390660000000.0
2021-03-16,9725583000000000.0
2021-03-18,9920405940000000.0
2021-03-19,1.03981566e+16
2021-03-20,1.24414809e+16
2021-03-22,8566685930000000.0
2021-03-25,8734016250000000.0
2021-03-26,7139962760000000.0
2021-03-27,8471031110000000.0
2021-03-28,1.13356513e+16
2021-03-29,7595046760000000.0
2021-03-30,9465501260000000.0
2021-04-01,7925100500000000.0
2021-04-02,9234428790000000.0
2021-04-03,8450329900000000.0
2021-04-04,6006980990000000.0
2021-04-05,6554734810000000.0
2021-04-06,9158868510000000.0
2021-04-07,-577492176000000.0
2021-04-10,7469823760000000.0
2021-04-11,6654084380000000.0
2021-04-12,7310722070000000.0
2021-04-13,9571738350000000.0
2021-04-17,6158263160000000.0
2021-04-18,7182042160000000.0
2021-04-19,4719757280000000.0
2021-04-20,4823886610000000.0
2021-04-21,7783748830000000.0
2021-04-22,7400313480000000.0
2021-04-23,886130673000000.0
2021-04-24,7809118130000000.0
2021-04-26,5262812410000000.0
2021-04-27,3316010570000000.0
2021-04-29,4105825790000000.0
2021-04-30,4985192700000000.0
2021-05-01,5137655450000000.0
2021-05-06,4809206950000000.0
2021-05-07,5692654880000000.0
2021-05-08,6396947380000000.0
2021-05-09,-1373565300000000.0
2021-05-10,5934201160000000.0
2021-05-12,6122361530000000.0
2021-05-13,4984735820000000.0
2021-05-14,5193834160000000.0
2021-05-15,5688282070000000.0
2021-05-16,4115746100000000.0
2021-05-17,7865018740000000.0
2021-05-19,6374071310000000.0
2021-05-20,4910086610000000.0
2021-05-21,4853219090000000.0
2021-05-22,4770109860000000.0
2021-05-23,5927372160000000.0
2021-05-24,5306965210000000.0
2021-05-25,-1503695160000000.0
2021-05-26,5651002820000000.0
2021-05-28,4713689560000000.0
2021-06-02,6230841130000000.0
2021-06-04,5692941030000000.0
2021-06-06,5197325970000000.0
2021-06-07,360387048000000.0
2021-06-08,4781284830000000.0
2021-06-09,3874229880000000.0
2021-06-10,-1522004340000000.0
2021-06-11,5871198280000000.0
2021-06-13,5717516300000000.0
2021-06-14,4965445510000000.0
2021-06-15,6305719050000000.0
2021-06-16,5859589520000000.0
2021-06-17,4335839010000000.0
2021-06-18,4850792440000000.0
2021-06-20,5250824080000000.0
2021-06-21,7882790780000000.0
2021-06-25,4182277550000000.0
2021-06-27,5314632800000000.0
2021-06-30,4430541430000000.0
2021-07-01,5519611190000000.0
2021-07-02,4675190010000000.0
2021-07-03,3922643830000000.0
2021-07-04,4601060490000000.0
2021-07-06,7141602900000000.0
2021-07-07,5236854700000000.0
2021-07-08,5067539570000000.0
2021-07-09,5588693590000000.0
2021-07-10,4780711450000000.0
2021-07-11,3721406890000000.0
2021-07-12,-950954011000000.0
2021-07-13,5972780700000000.0
2021-07-15,5195000780000000.0
2021-07-16,5266339110000000.0
2021-07-17,4576943710000000.0
2021-07-18,6085610570000000.0
2021-07-19,5057947840000000.0
2021-07-20,5754715010000000.0
2021-07-22,5946752130000000.0
2021-07-23,4556836280000000.0
2021-07-24,6140884110000000.0
2021-07-25,5039528870000000.0
2021-07-26,6404425450000000.0
2021-07-27,5540936770000000.0
2021-07-28,1832471690000000.0
2021-07-29,8044177930000000.0
2021-07-31,7900958490000000.0
2021-08-01,4761769040000000.0
2021-08-02,6661463670000000.0
2021-08-03,7893163660000000.0
2021-08-04,5891609040000000.0
2021-08-07,5954021890000000.0
2021-08-08,6620040330000000.0
2021-08-09,5240709970000000.0
2021-08-10,4250741480000000.0
2021-08-11,7624856510000000.0
2021-08-12,6230492160000000.0
2021-08-13,-997230606000000.0
2021-08-14,6733845680000000.0
2021-08-16,5220059230000000.0
2021-08-17,6834386040000000.0
2021-08-18,5780624400000000.0
2021-08-19,5762002500000000.0
2021-08-20,4156332190000000.0
2021-08-21,6993827030000000.0
2021-08-23,6334107710000000.0
2021-08-24,4857720220000000.0
2021-08-25,4889767120000000.0
2021-08-26,5281997490000000.0
2021-08-27,6076142310000000.0
2021-08-28,5690288350000000.0
2021-08-29,3399897450000000.0
2021-08-30,4649751460000000.0
2021-09-01,5324966490000000.0
2021-09-02,5624222630000000.0
2021-09-03,5176279550000000.0
2021-09-04,7243748500000000.0
2021-09-05,4893767340000000.0
2021-09-06,5295190550000000.0
2021-09-08,6948110330000000.0
2021-09-09,5014309360000000.0
2021-09-10,6039638850000000.0
2021-09-11,4780015130000000.0
2021-09-12,4104866670000000.0
2021-09-13,7934018460000000.0
2021-09-14,3365446450000000.0
2021-09-15,7436457770000000.0
2021-09-17,5291110340000000.0
2021-09-18,5672984470000000.0
2021-09-19,5240895730000000.0
2021-09-20,4466794710000000.0
2021-09-21,5595094160000000.0
2021-09-22,7925767290000000.0
2021-09-24,6313628230000000.0
2021-09-25,6592152570000000.0
2021-09-26,5515961540000000.0
2021-09-27,4661818710000000.0
2021-09-29,7845065390000000.0
2021-10-01,7782021720000000.0
2021-10-03,6918616790000000.0
2021-10-04,6132140630000000.0
2021-10-06,6575237370000000.0
2021-10-08,8038377040000000.0
2021-10-10,4105257790000000.0
2021-10-13,2685700500000000.0
2021-10-15,4178365910000000.0
2021-10-17,6697855470000000.0
2021-10-19,4808352790000000.0
2021-10-20,7868827840000000.0
2021-10-26,5082970310000000.0
2021-10-28,5140792390000000.0
2021-10-29,5813762760000000.0
2021-10-31,7665658700000000.0
2021-11-02,5539600500000000.0
2021-11-05,5743849280000000.0
2021-11-07,8168139280000000.0
2021-11-09,7588615040000000.0
2021-11-11,7061556520000000.0
2021-11-13,6532168520000000.0
2021-11-14,4697996830000000.0
2021-11-16,7227898990000000.0
2021-11-21,7071179400000000.0
2021-11-23,8546451270000000.0
2021-11-25,7195715730000000.0
2021-11-27,4796739200000000.0
2021-11-29,8256105570000000.0
2021-11-30,8966964000000000.0
2021-12-02,7471229290000000.0
2021-12-04,8868726290000000.0
2021-12-06,5809749110000000.0
2021-12-07,4525922180000000.0
2021-12-09,7904217290000000.0
2021-12-11,6111309500000000.0
2021-12-13,7285571280000000.0
2021-12-15,8472837140000000.0
2021-12-16,8705521830000000.0
2021-12-18,8697820950000000.0
2021-12-23,7362134980000000.0
2021-12-25,9488421350000000.0
2021-12-29,9983699800000000.0
2021-12-31,1.384436e+16
2022-01-01,9954375910000000.0
2022-01-03,7698248920000000.0
2022-01-07,6559313780000000.0
2022-01-08,8154239690000000.0
2022-01-10,1.03325403e+16
2022-01-12,9380087240000000.0
2022-01-14,7293599650000000.0
2022-01-16,9990322640000000.0
2022-01-17,3928091730000000.0
2022-01-19,9443057900000000.0
2022-01-21,4135885470000000.0
2022-01-23,5378170930000000.0
2022-01-26,5740629130000000.0
2022-01-30,4762018150000000.0
2022-02-08,3558256390000000.0
2022-02-09,5547883340000000.0
2022-02-11,4371351950000000.0
2022-02-15,4851396950000000.0
2022-02-18,4022964870000000.0
2022-02-24,5072698360000000.0
2022-02-25,4010189490000000.0
2022-02-27,7258231660000000.0
2022-03-01,6338117600000000.0
2022-03-03,5258075590000000.0
2022-03-05,5726543780000000.0
2022-03-06,2313657010000000.0
2022-03-08,4440144440000000.0
2022-03-10,5652900130000000.0
2022-03-12,7712579070000000.0
2022-03-13,7889380870000000.0
2022-03-15,8264609070000000.0
2022-03-17,5953191360000000.0
2022-03-19,8314192320000000.0
2022-03-20,1.20823314e+16
2022-03-29,5140086400000000.0
2022-03-30,7416835680000000.0
2022-03-31,9619834460000000.0
2022-04-01,6477901600000000.0
2022-04-04,5102020640000000.0
2022-04-05,5968645720000000.0
2022-04-06,4723295790000000.0
2022-04-07,4293138180000000.0
2022-04-08,5004012710000000.0
2022-04-09,3807844180000000.0
2022-04-10,3530731020000000.0
2022-04-11,5571878790000000.0
2022-04-13,3735149180000000.0
2022-04-14,4403492530000000.0
2022-04-15,5096628850000000.0
2022-04-16,5896335650000000.0
2022-04-17,1375488640000000.0
2022-04-21,7219760570000000.0
2022-04-22,5394109020000000.0
2022-04-23,4617622420000000.0
2022-04-24,5922235380000000.0
2022-04-25,6733004940000000.0
2022-04-26,2829916910000000.0
2022-04-27,7008152900000000.0
2022-04-29,5660227340000000.0
2022-04-30,2414517600000000.0
2022-05-03,5003535970000000.0
2022-05-04,3746735390000000.0
2022-05-06,5422151930000000.0
2022-05-07,6459511630000000.0
2022-05-11,5553792150000000.0
2022-05-17,4946565370000000.0
2022-05-18,5532545480000000.0
2022-05-19,4656942840000000.0
2022-05-20,5616786430000000.0
2022-05-26,5625622250000000.0
2022-05-28,763292125000000.0
2022-05-29,4038880940000000.0
2022-05-31,4839224480000000.0
2022-06-01,4117834250000000.0
2022-06-02,6861981200000000.0
2022-06-03,5035473880000000.0
2022-06-04,4441864040000000.0
2022-06-05,6381730840000000.0
2022-06-10,2360644490000000.0
2022-06-14,4597203610000000.0
2022-06-19,5254820550000000.0
2022-06-20,3710663300000000.0
2022-06-23,4450138290000000.0
2022-06-24,5292560960000000.0
2022-06-25,4833759130000000.0
2022-06-26,4468852000000000.0
2022-06-27,5902380820000000.0
2022-06-28,4703433720000000.0
2022-06-29,3246991250000000.0
2022-06-30,6122206910000000.0
2022-07-02,4811208940000000.0
2022-07-05,6995471470000000.0
2022-07-06,6284661360000000.0
2022-07-07,6637419370000000.0
2022-07-09,4663012710000000.0
2022-07-10,3925916590000000.0
2022-07-11,5922751850000000.0
2022-07-12,5282522550000000.0
2022-07-13,4548205550000000.0
2022-07-14,5324974540000000.0
2022-07-15,986424266000000.0
2022-07-16,4526084850000000.0
2022-07-18,4879798500000000.0
2022-07-19,3933012420000000.0
2022-07-20,4122224250000000.0
2022-07-21,5020220840000000.0
2022-07-22,5166426900000000.0
2022-07-23,4756726210000000.0
2022-07-25,5551104030000000.0
2022-07-26,7601316340000000.0
2022-07-27,5209655740000000.0
2022-07-28,6172517080000000.0
2022-07-29,6841914040000000.0
2022-07-30,5443242370000000.0
2022-07-31,2251861820000000.0
2022-08-03,4633547620000000.0
2022-08-04,6273973340000000.0
2022-08-05,3822815370000000.0
2022-08-06,4855847080000000.0
2022-08-07,4694368120000000.0
2022-08-08,6346751020000000.0
2022-08-10,5342297220000000.0
2022-08-11,5983870310000000.0
2022-08-12,6647125460000000.0
2022-08-13,6077777620000000.0
2022-08-14,6186051600000000.0
2022-08-15,6174980250000000.0
2022-08-16,2414686720000000.0
2022-08-17,5481264110000000.0
2022-08-19,4554359700000000.0
2022-08-20,4623997760000000.0
2022-08-21,4645535410000000.0
2022-08-22,5477431390000000.0
2022-08-23,3133500500000000.0
2022-08-24,5404568880000000.0
2022-08-26,4086123970000000.0
2022-08-27,4994476270000000.0
2022-08-28,5163249160000000.0
2022-08-29,5247339790000000.0
2022-08-30,5376532400000000.0
2022-08-31,5412420080000000.0
2022-09-01,5472246820000000.0
2022-09-02,4188717860000000.0
2022-09-04,4453284090000000.0
2022-09-05,4133451830000000.0
2022-09-06,8205739030000000.0
2022-09-07,1845166130000000.0
2022-09-08,4404633650000000.0
2022-09-09,5787352470000000.0
2022-09-11,5360622230000000.0
2022-09-12,4861443420000000.0
2022-09-13,7116051070000000.0
2022-09-14,5443105470000000.0
2022-09-15,6791564680000000.0
2022-09-16,6060999330000000.0
2022-09-17,2210680070000000.0
2022-09-18,5474351360000000.0
2022-09-20,3731373100000000.0
2022-09-21,5006739480000000.0
2022-09-22,4695623860000000.0
2022-09-23,7293365570000000.0
2022-09-24,5557406900000000.0
2022-09-25,4734473450000000.0
2022-09-27,4601458310000000.0
2022-09-29,6023050610000000.0
2022-09-30,4710030790000000.0
2022-10-02,7013508190000000.0
2022-10-04,7545687920000000.0
2022-10-07,3894040960000000.0
2022-10-09,7551685300000000.0
2022-10-11,4880571050000000.0
2022-10-13,7234599680000000.0
2022-10-20,4123609380000000.0
2022-10-22,4021083670000000.0
2022-10-23,2181463420000000.0
2022-10-25,5607254820000000.0
2022-10-27,5094322450000000.0
2022-10-29,5939026550000000.0
2022-11-08,2047136570000000.0
2022-11-10,4745521710000000.0
2022-11-12,6736248720000000.0
2022-11-14,6461262900000000.0
2022-11-17,6735316710000000.0
2022-11-19,8441959010000000.0
2022-11-21,5209253090000000.0
2022-11-26,4740623300000000.0
2022-11-28,7697811370000000.0
2022-12-03,7228649000000000.0
2022-12-09,8574371240000000.0
2022-12-10,8840369840000000.0
2022-12-18,7543449700000000.0
2022-12-19,5828313030000000.0
2022-12-21,6248113870000000.0
2022-12-23,7119689440000000.0
2022-12-25,8349491050000000.0
2022-12-26,6968727250000000.0
2022-12-28,8612277550000000.0
2022-12-30,4660270910000000.0
2023-01-01,6693782770000000.0
2023-01-04,5734829310000000.0
2023-01-06,4646392790000000.0
2023-01-08,8750562610000000.0
2023-01-13,1.20100825e+16
2023-01-19,5041581330000000.0
2023-01-20,1802354570000000.0
2023-01-22,945659323000000.0
2023-01-24,3811953390000000.0
2023-01-26,3234756230000000.0
2023-01-27,2348075800000000.0
2023-01-29,4906112690000000.0
2023-01-31,5302664870000000.0
2023-02-02,5786046800000000.0
2023-02-07,1.13665e+16
2023-02-14,2768459150000000.0
2023-02-16,5088795360000000.0
2023-02-18,7282224960000000.0
2023-02-20,7917205270000000.0
2023-02-21,3616359510000000.0
2023-02-23,6333518760000000.0
2023-02-25,5063915690000000.0
2023-02-27,5596996300000000.0
2023-02-28,5098881020000000.0
2023-03-02,6007953260000000.0
2023-03-04,8146377750000000.0
2023-03-06,5277941430000000.0
2023-03-08,7020719440000000.0
2023-03-09,7779666460000000.0
2023-03-11,9139044010000000.0
2023-03-13,7525455940000000.0
2023-03-15,7369771430000000.0
2023-03-16,5983660390000000.0
2023-03-18,5308554880000000.0
2023-03-19,2121690360000000.0
2023-03-20,8884866240000000.0
2023-03-22,7607234260000000.0
2023-03-23,6902896670000000.0
2023-03-24,4518336730000000.0
2023-04-01,6561786070000000.0
2023-04-02,8399544060000000.0
2023-04-03,6671689450000000.0
2023-04-04,-1801130910000000.0
2023-04-07,3785599480000000.0
2023-04-08,6584262710000000.0
2023-04-09,5992629360000000.0
2023-04-10,7395085960000000.0
2023-04-11,1682735710000000.0
2023-04-14,4726719420000000.0
2023-04-15,6393287530000000.0
2023-04-16,6136492510000000.0
2023-04-17,5596522240000000.0
2023-04-24,5071125870000000.0
2023-04-26,4837814120000000.0
2023-04-27,672548258000000.0
2023-04-28,3633974510000000.0
2023-05-01,5180777460000000.0
2023-05-02,4605408070000000.0
2023-05-03,4820243940000000.0
2023-05-04,260680423000000.0
2023-05-05,6256727970000000.0
2023-05-08,3953014620000000.0
2023-05-09,3933293740000000.0
2023-05-10,5248585330000000.0
2023-05-11,4067787950000000.0
2023-05-13,-4537319420000000.0
2023-05-15,7211128220000000.0
2023-05-16,5043585460000000.0
2023-05-17,3866897030000000.0
2023-05-18,5260914570000000.0
2023-05-19,5500122770000000.0
2023-05-20,-1237488790000000.0
2023-05-21,5700746600000000.0
2023-05-24,4048194310000000.0
2023-05-25,5428128920000000.0
2023-05-26,6409287350000000.0
2023-05-27,1302231130000000.0
2023-05-28,5909786950000000.0
2023-05-30,5270861710000000.0
2023-05-31,5356744410000000.0
2023-06-01,5172626680000000.0
2023-06-02,5221921100000000.0
2023-06-03,1076280420000000.0
2023-06-04,5433713450000000.0
2023-06-06,4040025290000000.0
2023-06-07,6307335030000000.0
2023-06-08,4269604980000000.0
2023-06-09,5861185640000000.0
2023-06-11,4564573130000000.0
2023-06-12,4639928330000000.0
2023-06-13,5553972000000000.0
2023-06-18,5759946280000000.0
2023-06-19,-101549603000000.0
2023-06-20,5599260280000000.0
2023-06-24,3739756340000000.0
2023-06-25,4991503080000000.0
2023-06-26,2201439710000000.0
2023-06-27,3734937920000000.0
2023-06-29,2172015560000000.0
2023-06-30,6013415920000000.0
2023-07-01,3974193910000000.0
2023-07-02,4162784850000000.0
2023-07-03,3384321220000000.0
2023-07-04,5084483220000000.0
2023-07-06,4237946500000000.0
2023-07-07,4393608740000000.0
2023-07-08,4543571280000000.0
2023-07-09,5009793200000000.0
2023-07-10,6148965090000000.0
2023-07-11,5652417480000000.0
2023-07-12,6413094840000000.0
2023-07-13,5143511100000000.0
2023-07-15,4995419550000000.0
2023-07-16,4713817880000000.0
2023-07-17,4317462190000000.0
2023-07-18,8390044130000000.0
2023-07-19,3070172010000000.0
2023-07-20,5111991950000000.0
2023-07-22,5214346380000000.0
2023-07-23,5038654840000000.0
2023-07-24,5741444640000000.0
2023-07-25,5212704100000000.0
2023-07-26,2489649200000000.0
2023-07-30,4186281810000000.0
2023-08-01,5184617690000000.0
2023-08-02,2843019510000000.0
2023-08-03,5516866160000000.0
2023-08-05,5121740980000000.0
2023-08-06,6139794260000000.0
2023-08-07,5171489050000000.0
2023-08-08,4647944350000000.0
2023-08-09,7645772470000000.0
2023-08-10,1.16233422e+16
2023-08-13,4942432540000000.0
2023-08-14,5270132640000000.0
2023-08-15,5157245870000000.0
2023-08-16,6423470410000000.0
2023-08-17,7245573320000000.0
2023-08-18,4298521920000000.0
2023-08-19,5815530670000000.0
2023-08-21,6574268860000000.0
2023-08-22,7902413410000000.0
2023-08-23,8764291470000000.0
2023-08-24,6632840940000000.0
2023-08-25,216088680000000.0
2023-08-26,6199873880000000.0
2023-08-28,6738883680000000.0
2023-08-29,6304957770000000.0
2023-08-30,5068966040000000.0
2023-09-01,2149420410000000.0
2023-09-07,3667218100000000.0
2023-09-08,-567158216000000.0
2023-09-09,5416335480000000.0
2023-09-11,4450029040000000.0
2023-09-12,6338853650000000.0
2023-09-13,6347912270000000.0
2023-09-14,6359101200000000.0
2023-09-15,1565834880000000.0
2023-09-16,7249184850000000.0
2023-09-18,5940344030000000.0
2023-09-19,6180919110000000.0
2023-09-20,6729201750000000.0
2023-09-21,5629036750000000.0
2023-09-22,6192017840000000.0
2023-09-25,5501622250000000.0
2023-09-27,4704570810000000.0
2023-09-28,5502251460000000.0
2023-09-30,5195993450000000.0
2023-10-02,6168071790000000.0
2023-10-04,6373263320000000.0
2023-10-12,5537301080000000.0
2023-10-14,7621074800000000.0
2023-10-16,5559471700000000.0
2023-10-18,4759624780000000.0
2023-10-19,3349972750000000.0
2023-10-21,9263275940000000.0
2023-10-23,3690850350000000.0
2023-10-25,6295055180000000.0
2023-10-26,7116247020000000.0
2023-10-28,7167611070000000.0
2023-10-30,5700721370000000.0
2023-11-01,5076187490000000.0
2023-11-02,5564145700000000.0
2023-11-03,4395801050000000.0
2023-11-04,7994711180000000.0
2023-11-06,8211063720000000.0
2023-11-08,4476577840000000.0
2023-11-09,6804303010000000.0
2023-11-10,5892714460000000.0
2023-11-15,5063511970000000.0
2023-11-16,5847302690000000.0
2023-11-17,5994711340000000.0
2023-11-18,6580238330000000.0
2023-11-20,7155285590000000.0
2023-11-22,6535913730000000.0
2023-11-23,6422031600000000.0
2023-11-24,7309750330000000.0
2023-11-25,4659248710000000.0
2023-11-27,6610582270000000.0
2023-11-29,3904831790000000.0
2023-11-30,6299676570000000.0
2023-12-02,1.24026028e+16
2023-12-06,4804163590000000.0
2023-12-07,3975020150000000.0
2023-12-08,6417125670000000.0
2023-12-09,1.30920589e+16
2023-12-11,8058234820000000.0
2023-12-14,3603963970000000.0
2023-12-15,6364983690000000.0
2023-12-18,8131489250000000.0
2023-12-21,1778116590000000.0
2023-12-22,8515991900000000.0
2023-12-25,6677021660000000.0
2023-12-27,5469456700000000.0
2023-12-28,7181600860000000.0
2023-12-29,9089053820000000.0
2023-12-30,1.13110326e+16
2024-01-01,8363987100000000.0
2024-01-03,7497178410000000.0
2024-01-04,4425170570000000.0
2024-01-05,7928502650000000.0
2024-01-06,1.00162191e+16
2024-01-08,8328130030000000.0
2024-01-10,6023608950000000.0
2024-01-11,5243690140000000.0
2024-01-12,7334866230000000.0
2024-01-13,7386832650000000.0
2024-01-15,7185373990000000.0
2024-01-17,7031761800000000.0
2024-01-18,5635380420000000.0
2024-01-20,2610467430000000.0
2024-01-24,6199159840000000.0
2024-01-25,5560350560000000.0
2024-01-27,1.28409869e+16
2024-01-29,5730454890000000.0
2024-02-01,4715404330000000.0
2024-02-03,6280288010000000.0
2024-02-05,4660766980000000.0
2024-02-10,3109479010000000.0
2024-02-12,3848360490000000.0
2024-02-14,3665803440000000.0
2024-02-15,4098270680000000.0
2024-02-17,3718450080000000.0
2024-02-20,2037389950000000.0
2024-02-21,3489426320000000.0
2024-02-22,5058315590000000.0
2024-02-24,6480653600000000.0
2024-02-27,7656428820000000.0
2024-02-28,4682275100000000.0
2024-02-29,7449045250000000.0
2024-03-07,8305800490000000.0
2024-03-12,4950107110000000.0
2024-03-13,2647617830000000.0
2024-03-16,6630860960000000.0
2024-03-19,4464730170000000.0
2024-03-20,7376482850000000.0
2024-03-21,9269908450000000.0
2024-03-23,7822188250000000.0
2024-03-25,3916298280000000.0
2024-03-26,4058531230000000.0
2024-03-27,7574511980000000.0
2024-03-29,2422500340000000.0
2024-03-30,7361271150000000.0
2024-04-02,3237525140000000.0
2024-04-03,6720514640000000.0
2024-04-09,5327118270000000.0
2024-04-10,6824251520000000.0
2024-04-11,5824669830000000.0
2024-04-14,5588535210000000.0
2024-04-15,5092536820000000.0
2024-04-16,4472713710000000.0
2024-04-17,1114538110000000.0
2024-04-18,4961504880000000.0
2024-04-20,5095185200000000.0
2024-04-21,3907825650000000.0
2024-04-24,-663315689000000.0
2024-04-27,5811615810000000.0
2024-04-28,5687567490000000.0
2024-04-29,5872461540000000.0
2024-05-01,1217997160000000.0
2024-05-02,4012371600000000.0
2024-05-03,5839840730000000.0
2024-05-05,4759772950000000.0
2024-05-06,5993252660000000.0
2024-05-09,2637871470000000.0
2024-05-10,7804706660000000.0
2024-05-11,4627166370000000.0
2024-05-13,1466023600000000.0
2024-05-14,4064422850000000.0
2024-05-16,4844982960000000.0
2024-05-18,5595933830000000.0
2024-05-20,3334997810000000.0
2024-05-24,2575189380000000.0
2024-05-26,675865583000000.0
2024-05-29,5037651430000000.0
2024-06-07,5172513400000000.0
2024-06-08,1106844080000000.0
2024-06-09,3886676970000000.0
2024-06-11,3772733360000000.0
2024-06-12,6734933920000000.0
2024-06-13,4944238580000000.0
2024-06-14,3689089140000000.0
2024-06-15,584476061000000.0
2024-06-19,3852458160000000.0
2024-06-20,4985017680000000.0
2024-06-21,3725084190000000.0
2024-06-27,2833674200000000.0
2024-06-28,-651810478000000.0
2024-06-30,4678172870000000.0
2024-07-01,4092877540000000.0
2024-07-02,4459408170000000.0
2024-07-03,4374131060000000.0
2024-07-04,2662117640000000.0
2024-07-05,3960692140000000.0
2024-07-07,4690846240000000.0
2024-07-08,4163452980000000.0
2024-07-09,4877131320000000.0
2024-07-10,4641481500000000.0
2024-07-11,4776798200000000.0
2024-07-12,5001794900000000.0
2024-07-13,3985025010000000.0
2024-07-14,4922473830000000.0
2024-07-15,3304481530000000.0
2024-07-16,2192079640000000.0
2024-07-17,3605480360000000.0
2024-07-19,3649274260000000.0
2024-07-20,4070504790000000.0
2024-07-21,4681380130000000.0
2024-07-22,5992335690000000.0
2024-07-23,4093151080000000.0
2024-07-24,3680863480000000.0
2024-07-28,1729723990000000.0
2024-07-29,6175757100000000.0
2024-07-30,2220004310000000.0
2024-07-31,4391500180000000.0
2024-08-01,3993310270000000.0
2024-08-02,4722727250000000.0
2024-08-03,4439140220000000.0
2024-08-04,3924477510000000.0
2024-08-05,4443062060000000.0
2024-08-07,4202725090000000.0
2024-08-08,5547680410000000.0
2024-08-09,6755180400000000.0
2024-08-10,5846890380000000.0
2024-08-11,421304516000000.0
2024-08-12,7750711400000000.0
2024-08-14,3928779460000000.0
2024-08-15,4139278760000000.0
2024-08-16,6566959360000000.0
2024-08-17,5978336240000000.0
2024-08-22,6614178230000000.0
2024-08-23,1152533800000000.0
2024-08-24,4111455690000000.0
2024-08-26,5003049560000000.0
2024-08-27,4785081580000000.0
2024-08-28,9965216410000000.0
2024-08-29,8315375590000000.0
2024-08-31,6009488710000000.0
2024-09-01,7343708490000000.0
2024-09-02,4798036820000000.0
2024-09-03,5696741540000000.0
2024-09-04,2446520210000000.0
2024-09-05,4021992060000000.0
2024-09-07,4661894410000000.0
2024-09-08,5081477810000000.0
2024-09-09,4849127600000000.0
2024-09-10,5978151560000000.0
2024-09-11,1610734200000000.0
2024-09-12,5963205070000000.0
2024-09-13,4504717930000000.0
2024-09-15,3865580620000000.0
2024-09-16,2337490320000000.0
2024-09-17,2377039990000000.0
2024-09-19,5169930520000000.0
2024-09-20,3781392020000000.0
2024-09-21,3461150670000000.0
2024-09-23,2010937380000000.0
2024-09-25,5063836240000000.0
2024-09-26,5663814710000000.0
2024-09-27,4350285130000000.0
2024-09-28,4055234570000000.0
2024-09-29,3995694240000000.0
2024-10-01,7620930910000000.0
2024-10-06,3272073590000000.0
2024-10-09,3201346750000000.0
2024-10-11,7449185910000000.0
2024-10-13,3478113910000000.0
2024-10-14,5134446570000000.0
2024-10-15,3463981320000000.0
2024-10-16,4596840680000000.0
2024-10-18,4067031770000000.0
2024-10-21,5379254340000000.0
2024-10-23,5271913440000000.0
2024-10-26,4932603510000000.0
2024-10-28,5376393350000000.0
2024-10-30,4828371630000000.0
2024-11-01,1.06603268e+16
2024-11-02,6930236820000000.0
2024-11-04,4924640100000000.0
2024-11-06,6523558180000000.0
2024-11-07,4041205860000000.0
2024-11-11,6828842840000000.0
2024-11-12,5424959770000000.0
2024-11-14,5485206890000000.0
2024-11-16,2124287070000000.0
2024-11-17,7632303990000000.0
2024-11-24,5307499930000000.0
2024-11-26,4631955260000000.0
2024-11-28,5335927250000000.0
2024-11-29,4803935950000000.0
2024-11-30,6859738690000000.0
2024-12-01,7633306330000000.0
2024-12-03,4283970300000000.0
2024-12-04,1.01038773e+16
2024-12-05,8843132040000000.0
2024-12-06,6049929590000000.0
2024-12-10,6645714570000000.0
2024-12-11,9360296030000000.0
2024-12-13,7344197580000000.0
2024-12-15,7597858350000000.0
2024-12-16,8927076100000000.0
2024-12-18,7472630530000000.0
2024-12-20,6119060840000000.0
2024-12-21,7541515900000000.0
2024-12-22,1.11993108e+16
2024-12-23,4634641230000000.0
2024-12-28,1.00560496e+16
2024-12-30,5811375290000000.0
2025-01-01,5529758580000000.0
2025-01-02,6826667980000000.0
2025-01-04,4662780780000000.0
2025-01-06,6372547130000000.0
2025-01-08,8991882860000000.0
2025-01-09,9280890680000000.0
2025-01-11,5146515970000000.0
2025-01-13,8053640280000000.0
2025-01-14,6383660360000000.0
2025-01-16,5297552790000000.0
2025-01-18,7625186690000000.0
2025-01-19,7635859680000000.0
2025-01-21,7310126140000000.0
2025-01-23,7108228320000000.0
2025-01-24,4524212790000000.0
2025-01-25,5055372470000000.0
2025-01-28,3546318260000000.0
2025-01-29,-1724400510000000.0
2025-01-30,6247121200000000.0
2025-01-31,4851553720000000.0
2025-02-02,2816905300000000.0
2025-02-04,4452506430000000.0
2025-02-05,4214262180000000.0
2025-02-09,5763761290000000.0
2025-02-10,4713811430000000.0
2025-02-14,5311323530000000.0
2025-02-15,2374749960000000.0
2025-02-16,4244835630000000.0
2025-02-17,7708150960000000.0
2025-02-19,3996467610000000.0
2025-02-20,2156693530000000.0
2025-02-24,3181892700000000.0
2025-02-27,3375844030000000.0
2025-03-01,3313306620000000.0
2025-03-03,6950103730000000.0
2025-03-08,1.03486238e+16
2025-03-09,4481099640000000.0
2025-03-11,9153548120000000.0
2025-03-13,5460794830000000.0
2025-03-16,6410092660000000.0
2025-03-17,4098122500000000.0
2025-03-18,5015304720000000.0
2025-03-19,6635458720000000.0
2025-03-20,9430501570000000.0
2025-03-21,6705489770000000.0
2025-03-22,1289064510000000.0
2025-03-23,5762187180000000.0
2025-03-24,9089989040000000.0
2025-03-25,9114296410000000.0
2025-03-26,7046372740000000.0
2025-03-27,1992771810000000.0
2025-04-01,5230048250000000.0
2025-04-02,6238121630000000.0
2025-04-04,6137631210000000.0
2025-04-06,3784684650000000.0
2025-04-07,6560992580000000.0
2025-04-09,9187731760000000.0
2025-04-10,6107079500000000.0
2025-04-11,5224029390000000.0
2025-04-14,5284528300000000.0
2025-04-15,4444005610000000.0
2025-04-16,5415334210000000.0
2025-04-17,6985251600000000.0
2025-04-18,6438186040000000.0
2025-04-19,2596044130000000.0
2025-04-21,7737377140000000.0
2025-04-22,5882124140000000.0
2025-04-23,-1760235570000000.0
2025-04-27,5945487790000000.0
2025-04-28,-651821842000.0
2025-04-29,1972484530000000.0
2025-04-30,6358800010000000.0
2025-05-01,8978937830000000.0
2025-05-02,4700287120000000.0
2025-05-03,2277367490000000.0
2025-05-06,6540357940000000.0
2025-05-08,1177320190000000.0
2025-05-11,6740238210000000.0
2025-05-12,4591142340000000.0
2025-05-13,4135684410000000.0
2025-05-14,5506835270000000.0
2025-05-16,4051339840000000.0
2025-05-17,4357041120000000.0
2025-05-18,4433813930000000.0
2025-05-21,5535668990000000.0
2025-05-22,6338346310000000.0
2025-05-23,5205281860000000.0
2025-05-27,5237166080000000.0
2025-05-31,2909949060000000.0
2025-06-01,4507686290000000.0
2025-06-02,5414688360000000.0
2025-06-04,2718622760000000.0
2025-06-05,1361236730000000.0
2025-06-07,4824547500000000.0
2025-06-08,6208533070000000.0
2025-06-09,2565015140000000.0
2025-06-10,4429954630000000.0
2025-06-11,5486262370000000.0
2025-06-12,5630535160000000.0
2025-06-13,6931533900000000.0
2025-06-14,2170635270000000.0
2025-06-15,4105054850000000.0
2025-06-18,4567436800000000.0
2025-06-19,860571524000000.0
2025-06-20,4526579310000000.0
2025-06-22,5229594590000000.0
2025-06-23,4721966500000000.0
2025-06-24,3075812910000000.0
2025-06-25,4099749760000000.0
2025-06-27,5082904820000000.0
2025-06-28,5270933650000000.0
2025-06-29,194607904000000.0
2025-06-30,5834536980000000.0
